epoch,train_loss,train_eval_loss,test_loss,train_spearman,test_spearman,train_mae,test_mae
1,1.4135201052279776,1.0996894759876672,1.5503572931942282,0.5047116370533451,0.6442523269665317,0.8219636678695679,1.0211447477340698
2,1.052422042395359,0.9299472489883269,1.2538179599842336,0.5606273856400678,0.6624861555451194,0.7082676887512207,0.8423579931259155
3,0.8858843417470671,0.7603018374746061,1.0278386895340659,0.6379927146618221,0.7225321312875469,0.6359801292419434,0.7425709366798401
4,0.7380154370065517,0.6412667775233852,0.8813424858506416,0.6958365933647296,0.7639992838677012,0.5799744129180908,0.6738914847373962
5,0.6493743027731727,0.646172633856834,0.8257884125707042,0.7354361592871923,0.7898782404744848,0.5614926815032959,0.6249973773956299
6,0.6491251216684297,0.5580581952098221,0.7941527422267801,0.7518909477669423,0.7958308516918726,0.5354912877082825,0.6229159235954285
7,0.6568529908274329,0.5298419110352379,0.7556297997035113,0.7634622070373803,0.8086834881391847,0.5221577286720276,0.6089708209037781
8,0.5782001722217802,0.5398742178212041,0.7758831254659204,0.7787115368020633,0.8091378084069251,0.5064114928245544,0.5850554704666138
9,0.5358042711796968,0.563943712368458,0.8371744556084921,0.7886473368016157,0.8038946978892764,0.5279772281646729,0.6230644583702087
10,0.5521415022703318,0.5334498185377855,0.7860798145781073,0.7978553639035815,0.8119589243305925,0.49393531680107117,0.5668809413909912
11,0.5176696022218685,0.5038055649569202,0.7738712901295259,0.8025710808023256,0.822250396030738,0.5462440848350525,0.6271766424179077
12,0.5036388068693537,0.42637767887434436,0.7101650354278102,0.8132563436328571,0.8158457229642416,0.4533335268497467,0.552848219871521
13,0.4561094953064935,0.5549497527821008,0.7582122813362123,0.8250924248472193,0.8181574225876473,0.5122382044792175,0.5525386929512024
14,0.49116195348592906,0.5540049779375261,0.8890145428189412,0.8202284789080869,0.829063958523966,0.5731337666511536,0.6739168763160706
15,0.44849408486216363,0.415102163844284,0.6672197275827638,0.8284032588253124,0.8142338725019498,0.45301592350006104,0.5421132445335388
16,0.42639741680295173,0.3430395180565059,0.6368551730860531,0.8386363279240853,0.8273908462219356,0.42320990562438965,0.5325744152069092
17,0.37060524871118095,0.31795954050427694,0.6185190943751666,0.8433275318379087,0.8340315797530495,0.40366753935813904,0.5293973088264465
18,0.3867094039518299,0.32760787823527154,0.6417205640502909,0.8487131361713682,0.8258584946862774,0.40010321140289307,0.523010790348053
19,0.36860461342693573,0.3384606881285192,0.5859973820456017,0.8516276310460665,0.8340101094734395,0.4111670255661011,0.5011661052703857
20,0.3403847462357486,0.2906785260076108,0.5843714575059278,0.8664190745124152,0.8278260988241627,0.3828694820404053,0.49879026412963867
21,0.30995285211996887,0.34424339217884486,0.705448377138643,0.8724787055740019,0.8506654606323253,0.45484665036201477,0.5797660946846008
22,0.30798827688829555,0.26766758220251585,0.5552679065542937,0.8693735322773992,0.834882804213246,0.3725779354572296,0.49303150177001953
23,0.2928807425459093,0.26004644540640026,0.6182555820226627,0.8832994505107475,0.8355053366475425,0.39055559039115906,0.5397489070892334
24,0.28129342248208544,0.2032801800348288,0.502271952123441,0.8945864669543688,0.8463245428682853,0.3231334388256073,0.47584134340286255
25,0.26245842883020737,0.19980962364171262,0.5284316355024256,0.8956886227024923,0.8297377647750143,0.3168339133262634,0.48392191529273987
26,0.2385612621953256,0.22457732516387632,0.515584032688742,0.9021642625160456,0.8351949472717358,0.33374887704849243,0.47209399938583374
27,0.23911082291084787,0.18784769625966763,0.5217899227524269,0.9038312710660429,0.8346747742215921,0.30731093883514404,0.4799785614013672
28,0.24080708369762205,0.18989840159846788,0.5590978293972689,0.9052761270081697,0.8495672122534541,0.3155618906021118,0.49606484174728394
29,0.2369696434724291,0.21469804323636568,0.5358111358116504,0.87994678323792,0.8314062376014536,0.33857300877571106,0.48139506578445435
30,0.25205221544938744,0.15781787948863563,0.48365201955055,0.9113558527556954,0.8471088147140348,0.28192123770713806,0.4534001350402832
31,0.21641665738960572,0.15574913854184358,0.4990633672773682,0.9149067494585924,0.8456033990710227,0.28103959560394287,0.4660536050796509
32,0.2100934728132841,0.16879724100680654,0.495626490435367,0.9224885442260794,0.8356594989941231,0.2903134822845459,0.46549683809280396
33,0.24568483933158544,0.16559751153390942,0.5231052513594165,0.9143806172307083,0.8556836885511331,0.29798048734664917,0.478741854429245
34,0.21562824669888983,0.1542368439128965,0.4819997939917345,0.9183307410504846,0.8479676227931572,0.276584267616272,0.4557630717754364
35,0.20807825836250216,0.14720474995896968,0.4666311804392644,0.9276394552694371,0.8467814165143669,0.26919201016426086,0.44900351762771606
36,0.20854589803561718,0.138755701377639,0.4423330480704091,0.9218154983944445,0.8565279055475641,0.2643243968486786,0.4461318850517273
37,0.17494550656315475,0.12769882479638958,0.4603858162629029,0.9277923013890428,0.8521110783035423,0.2592734098434448,0.44424402713775635
38,0.17574524219618196,0.12576144467229428,0.44252293802773146,0.9330586828042758,0.8560599975621525,0.24849183857440948,0.4325418472290039
39,0.1754968034832374,0.14347267629310836,0.4258423183679622,0.9244836517770822,0.8618725340127759,0.2718837857246399,0.4240809679031372
40,0.19904530571655285,0.17830922978378858,0.4858471569690309,0.9250423767038753,0.8412050321448824,0.297941654920578,0.45503607392311096
41,0.18280464395830862,0.1152734381698047,0.43194339226787976,0.9327098186542513,0.8571385529874371,0.24773740768432617,0.4282492697238922
42,0.16497551207757713,0.11943528165785365,0.47877464181513774,0.9315740447863472,0.8550798618601767,0.24794891476631165,0.45573896169662476
43,0.1694738837488519,0.11533908094450782,0.47943840445323044,0.9305067542084126,0.8476522403128938,0.23873494565486908,0.45865899324417114
44,0.16375484839330948,0.11633193756026966,0.4408531115899077,0.9342615992690753,0.8539789057317975,0.23983234167099,0.43299567699432373
45,0.17910624668749678,0.1425455198638814,0.44873945185392133,0.9312959506346048,0.8512103222439896,0.2678305208683014,0.43809303641319275
46,0.1775280610873149,0.11807856480014763,0.4710296293428379,0.9355052406707486,0.8557321835274723,0.25244954228401184,0.4547722041606903
47,0.15888442842158984,0.12399149921825499,0.4320324142697836,0.93430980415897,0.8508355880372557,0.24910598993301392,0.433988094329834
48,0.15854139548280965,0.09663159217324145,0.43538534385950833,0.9386170441093609,0.8537896123510329,0.22064687311649323,0.43245548009872437
49,0.1632101056468128,0.14919031296286694,0.4706874238309307,0.9396086526666002,0.8630114230061742,0.2895187437534332,0.4536007344722748
50,0.1670358930244095,0.13096905264966066,0.43259397915550046,0.930452599294671,0.8613218953229697,0.26602721214294434,0.44268685579299927
51,0.1824048039107817,0.1402909585066065,0.4172355310439067,0.9376008063880696,0.8667364870976046,0.2637995481491089,0.4181886911392212
52,0.15711291845028216,0.11473384318144425,0.4229649286869613,0.9407451645916076,0.8682222179304542,0.25109541416168213,0.4453986585140228
53,0.1567284125946836,0.11771256820015286,0.44048097966835303,0.9385073987363105,0.8553687363075205,0.24668574333190918,0.4303077757358551
54,0.16056945642898712,0.0954587199616193,0.42052938231146547,0.9459525234223147,0.8526671330084884,0.21743066608905792,0.4240431487560272
55,0.15721582747422733,0.09071878445985723,0.44815663811472595,0.9459703292749521,0.8535890483267257,0.2169399857521057,0.4420086443424225
56,0.14516103898601787,0.08573305391547673,0.4277598643248948,0.9489246843430942,0.8581995843485127,0.2100289911031723,0.42434096336364746
57,0.15136459612328074,0.09580183284338502,0.4047632936440796,0.9441625996648424,0.8634777195759412,0.22253887355327606,0.40743130445480347
58,0.14029914579263897,0.08738116580108336,0.41951219790201455,0.9485669378182588,0.8649310829289037,0.20814070105552673,0.41732466220855713
59,0.14257739272504347,0.09217783073119097,0.4328400407459353,0.9478977765163015,0.861227626446262,0.22828273475170135,0.4366611838340759
60,0.14007167652697866,0.08507817692581228,0.40981237991707636,0.9473928900126201,0.8647224803811278,0.20931348204612732,0.4149433374404907
61,0.13948429202953708,0.09961496834770892,0.4547524987748332,0.949573964315444,0.8547826553616915,0.2325083613395691,0.4369213879108429
62,0.13392727908282775,0.08571142002092955,0.4293917895567328,0.9471913703276333,0.868244929717809,0.21006080508232117,0.42591187357902527
63,0.14280761226164457,0.12102892135696666,0.45705206045887725,0.9491815738450987,0.8563494196943546,0.24463680386543274,0.4385049045085907
64,0.1501646938132602,0.08013124067249107,0.42893240515330144,0.9531263929676677,0.8593693124564605,0.20502890646457672,0.4350460469722748
65,0.12584270082389232,0.07642860524231773,0.4147101403445125,0.9558950339210723,0.8685515161595849,0.19618475437164307,0.4147562086582184
66,0.12619124322033248,0.09416710261915838,0.4248491194570768,0.9510174084965507,0.863434682563094,0.21919314563274384,0.42064762115478516
67,0.1377958837261168,0.08118363287935289,0.42336378540910535,0.9504075820049821,0.863564449416592,0.2032313346862793,0.422417014837265
68,0.161596487009007,0.09959159040929481,0.4503563640633672,0.9433655668267942,0.8634296925771395,0.22462023794651031,0.4308920204639435
69,0.14301814592402914,0.08439706862969543,0.4245373836984291,0.9533903715173627,0.8656637132497724,0.21708691120147705,0.4304836392402649
70,0.1222523504475686,0.07512191067571225,0.43958699344114915,0.9544655792992028,0.8586054118949327,0.19930201768875122,0.43083053827285767
71,0.12072493738952687,0.07148639765072826,0.39556678853009236,0.9594573470649399,0.872446933200269,0.19486042857170105,0.40627291798591614
72,0.11016793483774798,0.06302387562882542,0.3808578193633996,0.9587538547270041,0.8728564242870535,0.17914055287837982,0.40032440423965454
73,0.11396187589718745,0.09010007979479123,0.42853990913828177,0.9581257148754826,0.8622486102413051,0.20612995326519012,0.42162615060806274
74,0.12096656459231042,0.0972159884845134,0.40991460955269593,0.9563081002080245,0.8709155186150703,0.23902519047260284,0.4252593517303467
75,0.13377838234438943,0.07899476054520113,0.4223867884999095,0.955308528524179,0.8639935562053389,0.20262667536735535,0.4190659523010254
76,0.127903351127902,0.08742391409283896,0.4141576382708263,0.9560290104652773,0.8690329627297618,0.22306716442108154,0.42453840374946594
77,0.12274585846176116,0.06778717240362263,0.41643227124367777,0.96015122101482,0.8659665552058348,0.1843622773885727,0.413587749004364
78,0.11975412554166788,0.06199305926676977,0.39513921829003107,0.9608821585942471,0.866759518791603,0.17371715605258942,0.40703174471855164
79,0.12239987161944942,0.06375194281638666,0.41850199193753534,0.9617748063834782,0.8661281909979528,0.18022003769874573,0.41243934631347656
80,0.11484266531507308,0.1121912895636415,0.4620345399787819,0.9592517883131254,0.8571730433479248,0.23463371396064758,0.43457353115081787
81,0.1298711861256373,0.06907524871188263,0.41200911548314934,0.9615469144994391,0.86820631074378,0.19221211969852448,0.40970927476882935
82,0.11506872919191884,0.06099254016493475,0.38627189969676057,0.9613341772460827,0.8660380271219446,0.18100330233573914,0.4041188359260559
83,0.11236981899044586,0.06322253093272946,0.42557094546741003,0.960920857991088,0.8552539305419689,0.1775236874818802,0.41806381940841675
84,0.10977515822967956,0.08046625928336561,0.41593852865972025,0.9571645947830485,0.8642316635501782,0.19854891300201416,0.41019535064697266
85,0.10573468925960886,0.058523320194869534,0.39462626339478835,0.9636902728875373,0.8681981129976395,0.17335712909698486,0.4048278331756592
86,0.10889683253190988,0.08104882670884149,0.4108714416387001,0.9577992999072235,0.8753896005430286,0.21148647367954254,0.41970252990722656
87,0.1176728508893064,0.06713812040246052,0.39617446455705585,0.9598692875700917,0.8710151086013874,0.186079740524292,0.4014398455619812
88,0.10849963897048032,0.060267039365991704,0.3916606368367605,0.9633564756069836,0.8668302142127055,0.17372524738311768,0.40439724922180176
89,0.09872565251529017,0.06655030513686878,0.423292228782424,0.9609841424249718,0.8579090619849614,0.18600238859653473,0.4174928069114685
90,0.1107718980930322,0.06340362005010497,0.4002891326643917,0.9602241321509354,0.8647665328187267,0.17982536554336548,0.40758273005485535
91,0.10866200967277571,0.06552606888838038,0.42484657278298377,0.9649297301035107,0.8677610059624534,0.1884196549654007,0.42133828997612
92,0.1038713192511163,0.0833541176390887,0.4346166906634129,0.9662231096911741,0.8603459592059933,0.2015090137720108,0.4232289791107178
93,0.10869307279287772,0.06738209947694504,0.41965098699044623,0.9640466763530804,0.849782219334765,0.18594668805599213,0.41916021704673767
94,0.10185655132185256,0.059549259102862816,0.4058897366159244,0.964828857356913,0.8674591485188831,0.17896230518817902,0.4121539294719696
95,0.09728676172403189,0.05479022575461346,0.3822658338883852,0.9648230218084005,0.8707158266799673,0.16877201199531555,0.39286676049232483
96,0.10938729584516091,0.048918140054147775,0.4056259798252186,0.9677197721084344,0.8630856687879206,0.15623396635055542,0.40891313552856445
97,0.10835906567182828,0.05650916019809685,0.4043237512459972,0.9646052971297652,0.8652024083273598,0.16683048009872437,0.40348222851753235
98,0.09965671602898218,0.06168871292701134,0.3948759995290632,0.9623181289907925,0.8689119231350967,0.1809016764163971,0.40595898032188416
99,0.10706830891378748,0.0702577264811283,0.40653757490224174,0.9620846045878687,0.8679282243726812,0.1988658457994461,0.4090338349342346
100,0.10319233062275278,0.05664705177613325,0.38051762913819,0.9658991646965989,0.868886846968492,0.1722916066646576,0.39890730381011963
101,0.09780685769574698,0.057132646072668374,0.3993959382044071,0.9637398097316159,0.8703788831879224,0.17214037477970123,0.4060874879360199
102,0.10097299864060903,0.07103296011985345,0.38699769782787535,0.9622680369455725,0.866731329363456,0.18464910984039307,0.4003653824329376
103,0.10876795637069339,0.05129281222620935,0.40676589745294545,0.9671974572962575,0.8659946439660533,0.16231177747249603,0.40546491742134094
104,0.09973911958494314,0.050371245995014406,0.4028060756326656,0.9690679537321708,0.8582013396977154,0.1597859412431717,0.4078271687030792
105,0.09542455821731019,0.05499086762750428,0.4188590816103912,0.9645162442981274,0.8639222090525609,0.17010758817195892,0.4126090407371521
106,0.11598933072492829,0.07596463064684916,0.41053395750380217,0.9654730547309169,0.8645728376480278,0.1950579732656479,0.4151807129383087
107,0.1006956101809457,0.05685539309396393,0.37796230272986886,0.9657641533851564,0.8713724764025346,0.17138507962226868,0.40027567744255066
108,0.1037306472135826,0.05264099959944403,0.38834679211844514,0.9666933793026824,0.8700122353195032,0.169148787856102,0.4024920165538788
109,0.09228628598228346,0.05453009533642925,0.3895548163401879,0.961410907818058,0.8609025640627921,0.16967831552028656,0.4025254547595978
110,0.09766323643185224,0.052360665200147344,0.40221471585568164,0.9686966002368892,0.8658549462863677,0.17278555035591125,0.40929490327835083
111,0.10016358415518317,0.053721715774025805,0.3870492889016384,0.967187418707284,0.8725745745864285,0.17219997942447662,0.4034397602081299
